{
  "description": "仿射变换参数：电压(V) -> 物理坐标(mm)",
  "formula": {
    "px": "a * xv + b * yv + c",
    "py": "d * xv + e * yv + f"
  },
  "parameters": {
    "a": 68.78257387683189,
    "b": 16.702870985825253,
    "c": 2.7953803956114314,
    "d": 11.463762312805311,
    "e": 65.70047849763753,
    "f": -3.309103267398095
  },
  "depth_mm": 1000,
  "cell_length_mm": 30.2
}