{
  "pattern_size": [
    7,
    4
  ],
  "square_size": 30,
  "image_size": [
    640,
    480
  ],
  "left_camera": {
    "camera_matrix": [
      [
        1164.167277299699,
        0.0,
        312.1467493640137
      ],
      [
        0.0,
        1163.8259784134248,
        220.75691922420813
      ],
      [
        0.0,
        0.0,
        1.0
      ]
    ],
    "distortion": [
      [
        -0.2044202765209074,
        2.2784318714882743,
        -0.004610940825277345,
        0.0002953964747083757,
        -8.944300114112743
      ]
    ],
    "rectification": [
      [
        0.9904024268428505,
        0.09740002950925875,
        -0.0980625675545344
      ],
      [
        -0.09765266503853486,
        0.9952180550998941,
        0.002231549698289814
      ],
      [
        0.0978109907661905,
        0.007365938825414984,
        0.9951777494651679
      ]
    ],
    "projection": [
      [
        1589.4810684039185,
        0.0,
        432.6080951690674,
        0.0
      ],
      [
        0.0,
        1589.4810684039185,
        244.08290672302246,
        0.0
      ],
      [
        0.0,
        0.0,
        1.0,
        0.0
      ]
    ]
  },
  "right_camera": {
    "camera_matrix": [
      [
        1178.484396852852,
        0.0,
        310.8048092007579
      ],
      [
        0.0,
        1177.8784423089978,
        278.77229568187596
      ],
      [
        0.0,
        0.0,
        1.0
      ]
    ],
    "distortion": [
      [
        -0.2766604508559992,
        3.9878001134708025,
        -0.0034744626930996517,
        0.00463925545039063,
        -23.16611008457993
      ]
    ],
    "rectification": [
      [
        0.9910082868169703,
        0.09810738644232912,
        -0.09098085614869225
      ],
      [
        -0.0978724040437416,
        0.9951739889246223,
        0.00705154554367874
      ],
      [
        0.09123359023294068,
        0.0019163750445774343,
        0.9958276756145595
      ]
    ],
    "projection": [
      [
        1589.4810684039185,
        0.0,
        432.6080951690674,
        -98020.3709586226
      ],
      [
        0.0,
        1589.4810684039185,
        244.08290672302246,
        0.0
      ],
      [
        0.0,
        0.0,
        1.0,
        0.0
      ]
    ]
  },
  "stereo": {
    "rotation": [
      [
        0.9999781612253432,
        -0.00020812617599211722,
        -0.0066055852031690334
      ],
      [
        0.00017184396996326737,
        0.9999848999794699,
        -0.005492748191881153
      ],
      [
        0.006606628643373718,
        0.0054914931070059,
        0.9999630972998075
      ]
    ],
    "translation": [
      [
        -61.11365641769542
      ],
      [
        -6.050101887979379
      ],
      [
        5.610621886036613
      ]
    ],
    "essential": [
      [
        -0.040934927967313295,
        -5.643761258345469,
        -6.019060889663416
      ],
      [
        6.014254589920006,
        0.3344375056836228,
        61.07433971784398
      ],
      [
        6.039467747829809,
        -61.11399278479915,
        0.2957174622786409
      ]
    ],
    "fundamental": [
      [
        1.1996203740390636e-08,
        1.6544200221066973e-06,
        0.0016845270686792547
      ],
      [
        -1.763416801683273e-06,
        -9.80879103644994e-08,
        -0.020275082465516205
      ],
      [
        -0.0015979350116451928,
        0.020625738562243888,
        1.0
      ]
    ],
    "Q": [
      [
        1.0,
        0.0,
        0.0,
        -432.6080951690674
      ],
      [
        0.0,
        1.0,
        0.0,
        -244.08290672302246
      ],
      [
        0.0,
        0.0,
        0.0,
        1589.4810684039185
      ],
      [
        0.0,
        0.0,
        0.01621582384211632,
        -0.0
      ]
    ],
    "baseline": -61.11365641769542
  },
  "reprojection_error": {
    "left": 0.1324561175073533,
    "right": 0.12917290848217255,
    "stereo": 1.4867740162739334
  }
}