{
  "pattern_size": [
    7,
    4
  ],
  "square_size": 30,
  "image_size": [
    1280,
    720
  ],
  "left_camera": {
    "camera_matrix": [
      [
        730.5774276026933,
        0.0,
        634.6320612930862
      ],
      [
        0.0,
        731.0820819257832,
        393.8850518603205
      ],
      [
        0.0,
        0.0,
        1.0
      ]
    ],
    "distortion": [
      [
        0.09727840758609753,
        -0.024925521372223255,
        0.0016911320782554856,
        -0.0002578177225052712,
        -0.19989635163129685
      ]
    ],
    "rectification": [
      [
        0.9989045165853171,
        -0.010217137525209431,
        0.045665926534398125
      ],
      [
        0.009990212623632685,
        0.9999366033062269,
        0.005194710785019598
      ],
      [
        -0.04571610654013199,
        -0.0047328077497767055,
        0.9989432607178523
      ]
    ],
    "projection": [
      [
        781.7995975585233,
        0.0,
        583.0232772827148,
        0.0
      ],
      [
        0.0,
        781.7995975585233,
        386.23892974853516,
        0.0
      ],
      [
        0.0,
        0.0,
        1.0,
        0.0
      ]
    ]
  },
  "right_camera": {
    "camera_matrix": [
      [
        719.8073846759827,
        0.0,
        668.9110238418001
      ],
      [
        0.0,
        720.4626487096873,
        379.16141940653955
      ],
      [
        0.0,
        0.0,
        1.0
      ]
    ],
    "distortion": [
      [
        0.06272494057685146,
        0.09764393374356838,
        -0.0002772254847183243,
        0.0026548405088298857,
        -0.3529048437497557
      ]
    ],
    "rectification": [
      [
        0.9981337199689094,
        -0.008968432776792356,
        0.060404008762290545
      ],
      [
        0.00926837526122274,
        0.999946061987423,
        -0.004687252485407806
      ],
      [
        -0.060358713381282986,
        0.005238351780184708,
        0.9981630054202486
      ]
    ],
    "projection": [
      [
        781.7995975585233,
        0.0,
        583.0232772827148,
        -46899.22310583282
      ],
      [
        0.0,
        781.7995975585233,
        386.23892974853516,
        0.0
      ],
      [
        0.0,
        0.0,
        1.0,
        0.0
      ]
    ]
  },
  "stereo": {
    "rotation": [
      [
        0.999892239444147,
        -0.0006446156221390539,
        -0.014666082301294434
      ],
      [
        0.00079158871591103,
        0.9999495083123063,
        0.010017695008412507
      ],
      [
        0.014658884223346942,
        -0.01002822500128636,
        0.9998422634679183
      ]
    ],
    "translation": [
      [
        -59.876848451271506
      ],
      [
        0.5380055592532429
      ],
      [
        -3.623564264136376
      ]
    ],
    "essential": [
      [
        0.010754933787479121,
        3.6179860634610788,
        0.5742204577635865
      ],
      [
        -2.7454459977310237,
        -0.5981227025047883,
        59.92054717656667
      ],
      [
        -0.5853454210534671,
        -59.87347836135113,
        -0.5919375720392127
      ]
    ],
    "fundamental": [
      [
        4.0765958348930586e-08,
        1.3704301822910797e-05,
        -0.0038336529813001465
      ],
      [
        -1.0396990533483317e-05,
        -2.263524187996897e-06,
        0.17327159848895612
      ],
      [
        0.0023178191631377278,
        -0.1715540649395289,
        1.0
      ]
    ],
    "Q": [
      [
        1.0,
        0.0,
        0.0,
        -583.0232772827148
      ],
      [
        0.0,
        1.0,
        0.0,
        -386.23892974853516
      ],
      [
        0.0,
        0.0,
        0.0,
        781.7995975585233
      ],
      [
        0.0,
        0.0,
        0.016669777147359427,
        -0.0
      ]
    ],
    "baseline": -59.876848451271506
  },
  "reprojection_error": {
    "left": 0.12731636156492643,
    "right": 0.12230029134898418,
    "stereo": 1.4348073948763858
  }
}